Gosho,Ivanov,givanov@gmail.com,3MI0600068
Petio,Draganov,petro@abv.bg,0MI1300123
Georgi,Nedqlkov,gone@mail.eu,9MI0303002
Iordan,Agura,yorgus@bg.com,1MI0100001
Hristozornicomil,Abrahildraganovichev,kabacha@gmail.com,4MI0700132
Tervel,Stoikov,test@test.com,7MI1234000
Simeon,Milchev,nomiko@nomiko.co.uk,2MI0200202
Gavrail,Shturbanov,cheese@uni-sofia.bg,5MI0800033
Petrokan,Mitov,pemi@abv.bg,4MI0660103
Hristomil,Prakash,ivo@mail.bg,0MI0100422
Nikolay,Gionov,niko@mail.ru,3MI0900020
Boris,Orlov,bro@gmail.com,5MI0701003
Kaloqn,Radoslavov,car@protonmail.com,6MI0330100
Mihail,Karastoqnov,mika@gmail.com,1MI0810129
Neven,Spasov,nespa@uni-sofia.bg,0MI0100105
Tihomir,Mavrodiev,tom@gmail.com,3MI0900027
